PartieId;Seed;NumCoup;Joueur;Action;Detail;PhaseAvant;PhaseApres;TaillePileAvant;TaillePileApres
1;1035191123;1;Toi(P0);Joue;Three♥;Travail;Travail;0;1
1;1035191123;2;Bot1;Joue;Five♠;Travail;Travail;1;2
1;1035191123;3;Bot2;Joue;Cavalier♠;Travail;Travail;2;3
1;1035191123;4;Bot3;Joue;Roi♥;Travail;Travail;3;4
1;1035191123;6;Bot1;Joue;Six♥;Travail;Travail;0;1
1;1035191123;7;Bot2;Joue;As♦;Travail;Travail;1;2
1;1035191123;8;Bot3;Joue;2♠;Travail;Travail;2;0
1;1035191123;9;Bot3;Joue;Three♣;Travail;Travail;0;1
1;1035191123;10;Toi(P0);Joue;Three♥;Travail;Travail;1;2
1;1035191123;11;Bot2;Joue;Ten♦;Travail;Travail;2;3
1;1035191123;12;Bot3;Joue;Dame♥;Travail;Travail;3;4
1;1035191123;13;Toi(P0);Joue;Roi♥;Travail;Travail;4;5
1;1035191123;14;Bot1;Joue;Roi♦;Travail;Travail;5;6
1;1035191123;15;Bot3;Joue;Joker(Color);Travail;Travail;6;0
1;1035191123;16;Toi(P0);Joue;Five♠;Travail;Travail;0;1
1;1035191123;17;Bot1;Joue;Valet♠;Travail;Travail;1;2
1;1035191123;18;Toi(P0);Joue;Valet♦;Travail;Travail;2;3
1;1035191123;20;Bot1;Joue;Ten♣;Travail;Travail;0;1
1;1035191123;21;Toi(P0);Joue;Prêtre♥;Travail;Travail;1;2
1;1035191123;22;Bot3;Joue;Prêtre♠;Travail;Travail;2;3
1;1035191123;23;Bot1;Joue;Five♣;Travail;Travail;3;4
1;1035191123;24;Toi(P0);Joue;Nine♦;Travail;Travail;4;5
1;1035191123;25;Bot3;Joue;Prêtre♦;Travail;Travail;5;6
1;1035191123;26;Bot2;Joue;Six♣;Travail;Travail;6;7
1;1035191123;27;Bot1;Joue;Valet♣;Travail;Travail;7;8
1;1035191123;28;Bot2;Joue;Valet♦;Travail;Travail;8;9
1;1035191123;29;Toi(P0);Joue;Cavalier♠;Travail;Travail;9;10
1;1035191123;30;Bot1;Joue;Cavalier♥;Travail;Travail;10;11
1;1035191123;32;Toi(P0);Joue;Six♠;Travail;Travail;0;1
1;1035191123;33;Bot1;Joue;Ten♠;Travail;Travail;1;2
1;1035191123;34;Bot2;Joue;Valet♠;Travail;Travail;2;3
1;1035191123;36;Toi(P0);Joue;Four♦;Travail;Travail;0;1
1;1035191123;37;Bot3;Joue;Eight♥;Travail;Travail;1;2
1;1035191123;39;Bot1;Joue;Seven♣;Travail;Travail;0;1
1;1035191123;40;Toi(P0);Joue;Prêtre♣;Travail;Travail;1;2
1;1035191123;41;Bot3;Joue;Seven♠;Travail;Travail;2;3
1;1035191123;42;Bot2;Joue;Eight♥;Travail;Travail;3;4
1;1035191123;43;Bot1;Joue;Valet♠;Travail;Travail;4;5
1;1035191123;45;Bot3;Joue;Six♦;Travail;Travail;0;1
1;1035191123;46;Toi(P0);Joue;2♦;Travail;Travail;1;0
1;1035191123;47;Toi(P0);Joue;Cavalier♦;Travail;Travail;0;1
1;1035191123;49;Bot2;Joue;Valet♠;Travail;Travail;0;1
1;1035191123;50;Bot1;Joue;Cavalier♦;Travail;Travail;1;2
1;1035191123;51;Toi(P0);Joue;Cavalier♣;Travail;Travail;2;3
1;1035191123;53;Bot1;Joue;Ten♠;Travail;Travail;0;1
1;1035191123;54;Toi(P0);Joue;Joker(Glass);Travail;Travail;1;2
1;1035191123;55;Bot3;Joue;Prêtre♦;Travail;Travail;2;3
1;1035191123;56;Bot2;Joue;Seven♣;Travail;Travail;3;4
1;1035191123;58;Toi(P0);Joue;Dame♠;Travail;Travail;0;1
1;1035191123;60;Bot2;Joue;Prêtre♣;Travail;Travail;0;1
1;1035191123;61;Bot1;Joue;Five♦;Travail;Travail;1;2
1;1035191123;62;Toi(P0);Joue;Dame♣;Travail;Travail;2;3
1;1035191123;63;Bot3;Joue;Dame♠;Travail;Travail;3;4
1;1035191123;64;Bot1;Joue;Joker(Glass);Travail;Travail;4;5
1;1035191123;65;Toi(P0);Joue;As♠;Travail;Travail;5;6
1;1035191123;67;Bot2;Joue;Cavalier♣;Travail;Travail;0;1
1;1035191123;70;Bot2;Joue;Three♠;Travail;Travail;0;1
1;1035191123;71;Bot1;Joue;Seven♣;Travail;Travail;1;2
1;1035191123;72;Toi(P0);Joue;Eight♠;Travail;Travail;2;3
1;1035191123;73;Bot3;Joue;Dame♣;Travail;Travail;3;4
1;1035191123;75;Bot1;Joue;Ten♠;Travail;Travail;0;1
1;1035191123;76;Toi(P0);Joue;Four♣;Travail;Travail;0;1
1;1035191123;77;Bot2;Joue;Four♦;Travail;Travail;1;2
1;1035191123;78;Toi(P0);Joue;Ten♠;Travail;Travail;2;3
1;1035191123;79;Bot3;Joue;Cavalier♥;Travail;Travail;3;4
1;1035191123;80;Bot2;Joue;Dame♣;Travail;Travail;4;5
1;1035191123;83;Bot2;Joue;Seven♣;Travail;Travail;0;1
1;1035191123;84;Bot1;Joue;Prêtre♦;Travail;Travail;1;2
1;1035191123;86;Bot3;Joue;Prêtre♥;Travail;Travail;0;1
1;1035191123;87;Bot2;Joue;Five♥;Travail;Travail;1;2
1;1035191123;88;Bot1;Joue;Dame♣;Travail;Travail;2;3
1;1035191123;89;Toi(P0);Joue;2♣;Travail;Travail;3;0
1;1035191123;90;Toi(P0);Joue;Seven♣;Travail;Travail;0;1
1;1035191123;91;Bot3;Joue;As♠;Travail;Travail;1;2
1;1035191123;93;Bot1;Joue;Four♣;Travail;Travail;0;1
1;1035191123;94;Toi(P0);Joue;Prêtre♦;Travail;Travail;1;2
1;1035191123;95;Bot3;Joue;Prêtre♠;Travail;Travail;2;3
1;1035191123;96;Bot1;Joue;Four♦;Travail;Travail;3;4
1;1035191123;98;Bot3;Joue;Six♣;Travail;Travail;0;1
1;1035191123;99;Bot2;Joue;Eight♥;Travail;Travail;1;2
1;1035191123;100;Bot1;Joue;Ten♠;Travail;Travail;2;3
1;1035191123;101;Bot3;Joue;Joker(Glass);Travail;Travail;3;4
1;1035191123;102;Bot2;Joue;As♠;Travail;Travail;4;5
1;1035191123;104;Bot3;Joue;Ten♣;Travail;Travail;0;1
1;1035191123;105;Bot2;Joue;Valet♠;Travail;Travail;1;2
1;1035191123;106;Bot3;Joue;Cavalier♠;Travail;Travail;2;3
1;1035191123;107;Bot1;Joue;Cavalier♥;Travail;Travail;3;4
1;1035191123;108;Bot3;Joue;Dame♠;Travail;Travail;4;5
1;1035191123;109;Bot1;Joue;As♠;Travail;Travail;5;6
1;1035191123;111;Bot3;Joue;Five♦;Travail;Travail;0;1
1;1035191123;112;Bot1;Joue;Six♠;Travail;Travail;1;2
1;1035191123;113;Bot2;Joue;Eight♠;Travail;Travail;2;3
1;1035191123;114;Bot3;Joue;Prêtre♣;Travail;Travail;3;4
1;1035191123;115;Bot1;Joue;Joker(Glass);Travail;Travail;4;5
1;1035191123;116;Bot2;Joue;Five♠;Travail;Travail;5;6
1;1035191123;117;Bot3;Joue;Valet♦;Travail;Travail;6;7
1;1035191123;118;Bot2;Joue;As♠;Travail;Travail;7;8
1;1035191123;120;Bot3;Joue;Nine♦;Travail;Travail;0;1
1;1035191123;121;Bot2;Joue;Cavalier♠;Travail;Travail;1;2
1;1035191123;122;Bot1;Joue;As♠;Travail;Travail;2;3
1;1035191123;124;Bot2;Joue;Cavalier♥;Travail;Travail;0;1
1;1035191123;125;Bot1;Joue;Joker(Glass);Travail;Travail;1;2
1;1035191123;126;Bot3;Joue;As♠;Travail;Travail;2;3
1;1035191123;128;Bot1;Joue;Eight♠;Travail;Travail;0;1
1;1035191123;129;Bot3;Joue;Valet♣;Travail;Travail;1;2
1;1035191123;130;Bot1;Joue;Cavalier♣;Travail;Travail;2;3
1;1035191123;131;Bot2;Joue;Cavalier♦;Travail;Travail;3;4
1;1035191123;133;Bot2;Joue;Cavalier♥;Travail;Travail;0;1
1;1035191123;134;Bot3;Joue;Cavalier♠;Travail;Travail;1;2
1;1035191123;135;Bot2;Joue;Dame♠;Travail;Travail;2;3
1;1035191123;137;Bot1;Joue;Prêtre♣;Travail;Travail;0;1
1;1035191123;138;Bot2;Joue;Seven♣;Travail;Travail;1;2
1;1035191123;139;Bot3;Joue;Nine♦;Travail;Travail;2;3
1;1035191123;140;Bot1;Joue;Valet♦;Travail;Travail;3;4
1;1035191123;141;Bot3;Joue;Dame♠;Travail;Travail;4;5
1;1035191123;142;Bot2;Joue;As♠;Travail;Travail;5;6
1;1035191123;144;Bot3;Joue;Cavalier♥;Travail;Travail;0;1
1;1035191123;145;Bot2;Joue;Joker(Glass);Travail;Travail;1;2
1;1035191123;146;Bot1;Joue;As♠;Travail;Travail;2;3
1;1035191123;148;Bot2;Joue;Ten♣;Travail;Travail;0;1
1;1035191123;149;Bot1;Joue;Cavalier♦;Travail;Travail;1;2
1;1035191123;150;Bot3;Joue;As♠;Travail;Travail;2;3
1;1035191123;152;Bot1;Joue;Five♠;Travail;Travail;0;1
1;1035191123;153;Bot3;Joue;Cavalier♠;Travail;Travail;1;2
1;1035191123;154;Bot2;Joue;Cavalier♦;Travail;Travail;2;3
1;1035191123;155;Bot3;Joue;Cavalier♥;Travail;Travail;3;4
1;1035191123;156;Bot1;Joue;Cavalier♣;Travail;Travail;4;0
1;1035191123;157;Bot1;Joue;Prêtre♣;Travail;Travail;0;1
1;1035191123;158;Bot3;Joue;Five♣;Travail;Travail;1;2
1;1035191123;159;Bot2;Joue;Ten♣;Travail;Travail;2;3
1;1035191123;160;Bot1;Joue;Valet♦;Travail;Travail;3;4
1;1035191123;161;Bot2;Joue;Valet♠;Travail;Travail;4;5
1;1035191123;162;Bot1;Joue;Valet♣;Travail;Travail;5;6
1;1035191123;163;Bot3;Joue;Joker(Glass);Travail;Travail;6;7
1;1035191123;164;Bot1;Joue;Dame♠;Travail;Travail;7;8
1;1035191123;165;Bot2;Joue;As♠;Travail;Travail;8;9
1;1035191123;167;Bot1;Joue;Seven♣;Travail;Travail;0;1
1;1035191123;168;Bot2;Joue;Seven♠;Travail;Travail;1;2
1;1035191123;169;Bot1;Joue;Nine♦;Travail;Travail;2;3
1;1035191123;171;Bot3;Joue;Four♥;Travail;Travail;0;1
1;1035191123;172;Bot1;Joue;Eight♥;Travail;Travail;1;2
1;1035191123;173;Bot2;Joue;Nine♦;Travail;Travail;2;3
1;1035191123;174;Bot3;Joue;Valet♦;Travail;Travail;3;4
1;1035191123;176;Bot1;Joue;Five♦;Travail;Travail;0;1
1;1035191123;177;Bot3;Joue;As♠;Travail;Travail;1;2
1;1035191123;179;Bot1;Joue;Eight♠;Travail;Travail;0;1
1;1035191123;180;Bot3;Joue;Valet♣;Travail;Travail;1;2
1;1035191123;182;Bot2;Joue;Nine♦;Travail;Travail;0;1
1;1035191123;183;Bot3;Joue;Valet♠;Travail;Travail;1;2
1;1035191123;184;Bot2;Joue;As♠;Travail;Travail;2;3
1;1035191123;186;Bot3;Joue;Dame♠;Travail;Travail;0;1
1;1035191123;188;Bot1;Joue;Valet♠;Travail;Travail;0;1
1;1035191123;189;Bot2;Joue;Dame♠;Travail;Travail;1;2
1;1035191123;190;Bot3;Joue;Joker(Glass);Travail;Travail;2;3
1;1035191123;191;Bot1;Joue;As♠;Travail;Travail;3;4
1;1035191123;193;Bot3;Joue;Prêtre♣;Travail;Travail;0;1
1;1035191123;194;Bot1;Joue;Nine♦;Travail;Travail;1;2
1;1035191123;195;Bot2;Joue;Dame♠;Travail;Travail;2;3
1;1035191123;196;Bot3;Joue;Dame♦;Travail;Travail;3;4
1;1035191123;197;Bot2;Joue;As♠;Travail;Travail;4;5
1;1035191123;199;Bot1;Joue;Valet♣;Travail;Travail;0;1
1;1035191123;200;Bot3;Joue;Dame♦;Travail;Travail;1;2
1;1035191123;201;Bot2;Joue;Joker(Glass);Travail;Travail;2;3
1;1035191123;203;Bot3;Joue;Prêtre♣;Travail;Travail;0;1
1;1035191123;204;Bot2;Joue;Four♥;Travail;Travail;1;2
1;1035191123;205;Bot1;Joue;Six♠;Travail;Travail;2;3
1;1035191123;206;Bot3;Joue;Seven♥;Travail;Travail;3;4
1;1035191123;207;Bot2;Joue;Seven♣;Travail;Travail;4;5
1;1035191123;208;Bot3;Joue;Dame♠;Travail;Travail;5;6
1;1035191123;210;Bot1;Joue;Three♦;Travail;Travail;0;1
1;1035191123;211;Bot3;Joue;Five♣;Travail;Travail;1;2
1;1035191123;212;Bot2;Joue;Seven♥;Travail;Travail;2;3
1;1035191123;213;Bot1;Joue;Valet♣;Travail;Travail;3;4
1;1035191123;214;Bot2;Joue;Valet♦;Travail;Travail;4;5
1;1035191123;215;Bot1;Joue;Joker(Glass);Travail;Travail;5;6
1;1035191123;216;Bot2;Joue;Dame♠;Travail;Travail;6;7
1;1035191123;217;Bot3;Joue;As♠;Travail;Travail;7;8
1;1035191123;219;Bot2;Joue;Prêtre♣;Travail;Travail;0;1
1;1035191123;220;Bot3;Joue;Nine♦;Travail;Travail;1;2
1;1035191123;221;Bot1;Joue;Ten♠;Travail;Travail;2;3
1;1035191123;222;Bot2;Joue;Valet♠;Travail;Travail;3;4
1;1035191123;223;Bot1;Joue;Joker(Glass);Travail;Travail;4;5
1;1035191123;225;Bot2;Joue;Seven♠;Travail;Travail;0;1
1;1035191123;226;Bot1;Joue;As♠;Travail;Travail;1;2
1;1035191123;227;Bot3;Joue;Joker(Glass);Travail;Travail;2;3
1;1035191123;229;Bot1;Joue;Dame♠;Travail;Travail;0;1
1;1035191123;231;Bot2;Joue;Seven♣;Travail;Travail;0;1
1;1035191123;232;Bot1;Joue;Eight♠;Travail;Travail;1;2
1;1035191123;233;Bot3;Joue;Dame♠;Travail;Travail;2;3
1;1035191123;234;Bot2;Joue;Joker(Glass);Travail;Travail;3;4
1;1035191123;235;Bot1;Joue;Dame♦;Travail;Travail;4;5
1;1035191123;236;Bot2;Joue;As♠;Travail;Travail;5;6
1;1035191123;238;Bot3;Joue;Prêtre♣;Travail;Travail;0;1
1;1035191123;239;Bot2;Joue;Four♥;Travail;Travail;1;2
1;1035191123;240;Bot1;Joue;Five♣;Travail;Travail;2;3
1;1035191123;241;Bot3;Joue;Ten♠;Travail;Travail;3;4
1;1035191123;243;Bot1;Joue;Six♣;Travail;Travail;0;1
1;1035191123;244;Bot3;Joue;Nine♦;Travail;Travail;1;2
1;1035191123;245;Bot2;Joue;Prêtre♣;Travail;Travail;2;3
1;1035191123;246;Bot1;Joue;Eight♠;Travail;Travail;3;4
1;1035191123;247;Bot3;Joue;Valet♠;Travail;Travail;4;5
1;1035191123;248;Bot1;Joue;Valet♣;Travail;Travail;5;6
1;1035191123;250;Bot1;Joue;Three♦;Travail;Travail;0;1
1;1035191123;251;Bot2;Joue;Six♠;Travail;Travail;1;2
1;1035191123;252;Bot3;Joue;Six♣;Travail;Travail;2;3
1;1035191123;253;Bot2;Joue;Seven♠;Travail;Travail;3;4
1;1035191123;254;Bot3;Joue;Ten♣;Travail;Travail;4;5
1;1035191123;255;Bot1;Joue;Joker(Glass);Travail;Travail;5;6
1;1035191123;256;Bot2;Joue;Ten♠;Travail;Travail;6;7
1;1035191123;257;Bot1;Joue;Dame♦;Travail;Travail;7;8
1;1035191123;259;Bot3;Joue;Eight♠;Travail;Travail;0;1
1;1035191123;260;Bot1;Joue;Dame♠;Travail;Travail;1;2
1;1035191123;261;Bot2;Joue;Dame♦;Travail;Travail;2;3
1;1035191123;262;Bot1;Joue;As♠;Travail;Travail;3;4
1;1035191123;263;Bot2;Joue;Joker(Glass);Travail;Travail;4;5
1;1035191123;265;Bot1;Joue;Seven♣;Travail;Travail;0;1
1;1035191123;266;Bot2;Joue;Ten♣;Travail;Travail;1;2
1;1035191123;267;Bot3;Joue;Dame♦;Travail;Travail;2;3
1;1035191123;269;Bot2;Joue;Ten♠;Travail;Travail;0;1
1;1035191123;270;Bot3;Joue;Dame♠;Travail;Travail;1;2
1;1035191123;271;Bot1;Joue;Dame♦;Travail;Travail;2;3
1;1035191123;272;Bot3;Joue;As♠;Travail;Travail;3;4
1;1035191123;274;Bot2;Joue;Seven♠;Travail;Travail;0;1
1;1035191123;275;Bot3;Joue;Joker(Glass);Travail;Travail;1;2
1;1035191123;276;Bot1;Joue;Seven♣;Travail;Travail;2;3
1;1035191123;277;Bot3;Joue;Prêtre♣;Travail;Travail;3;4
1;1035191123;278;Bot1;Joue;Ten♠;Travail;Travail;4;5
1;1035191123;280;Bot3;Joue;Nine♦;Travail;Travail;0;1
1;1035191123;281;Bot1;Joue;Dame♦;Travail;Travail;1;2
1;1035191123;282;Bot2;Joue;Joker(Glass);Travail;Travail;2;3
1;1035191123;284;Bot1;Joue;Ten♣;Travail;Travail;0;1
1;1035191123;285;Bot2;Joue;Ten♠;Travail;Travail;1;2
1;1035191123;286;Bot1;Joue;Dame♠;Travail;Travail;2;3
1;1035191123;288;Bot3;Joue;Valet♣;Travail;Travail;0;1
1;1035191123;289;Bot2;Joue;Dame♠;Travail;Travail;1;2
1;1035191123;290;Bot1;Joue;As♠;Travail;Travail;2;3
1;1035191123;291;Bot3;Joue;Joker(Glass);Travail;Travail;3;4
1;1035191123;293;Bot1;Joue;Seven♥;Travail;Travail;0;1
1;1035191123;294;Bot3;Joue;Valet♠;Travail;Travail;1;2
1;1035191123;295;Bot1;Joue;Valet♦;Travail;Travail;2;3
1;1035191123;296;Bot3;Joue;Dame♦;Travail;Travail;3;4
1;1035191123;297;Bot1;Joue;Roi♣;Travail;Travail;4;5
1;1035191123;298;Bot2;Joue;As♠;Travail;Travail;5;6
1;1035191123;300;Bot1;Joue;Valet♥;Travail;Travail;0;1
1;1035191123;301;Bot3;Joue;Dame♦;Travail;Travail;1;2
1;1035191123;302;Bot2;Joue;Dame♠;Travail;Travail;2;3
1;1035191123;303;Bot3;Joue;As♠;Travail;Travail;3;4
1;1035191123;304;Bot2;Joue;Joker(Glass);Travail;Travail;4;5
1;1035191123;306;Bot3;Joue;Eight♠;Travail;Travail;0;1
1;1035191123;307;Bot2;Joue;Prêtre♣;Travail;Travail;1;2
1;1035191123;308;Bot1;Joue;Joker(Glass);Travail;Travail;2;3
1;1035191123;309;Bot3;Joue;Seven♥;Travail;Travail;3;4
1;1035191123;310;Bot2;Joue;Ten♠;Travail;Travail;4;5
1;1035191123;311;Bot1;Joue;Dame♠;Travail;Travail;5;6
1;1035191123;312;Bot3;Joue;Roi♣;Travail;Travail;6;7
1;1035191123;314;Bot1;Joue;Roi♠;Travail;Travail;0;1
1;1035191123;316;Bot2;Joue;Five♦;Travail;Travail;0;1
1;1035191123;317;Bot1;Joue;Dame♦;Travail;Travail;1;2
1;1035191123;318;Bot3;Joue;Roi♠;Travail;Travail;2;3
1;1035191123;319;Bot2;Joue;Joker(Glass);Travail;Travail;3;4
1;1035191123;320;Bot1;Joue;As♠;Travail;Travail;4;5
1;1035191123;322;Bot2;Joue;Seven♠;Travail;Travail;0;1
1;1035191123;323;Bot1;Joue;Valet♥;Travail;Travail;1;2
1;1035191123;324;Bot2;Joue;Dame♠;Travail;Travail;2;3
1;1035191123;325;Bot3;Joue;As♠;Travail;Travail;3;4
1;1035191123;326;Bot1;Joue;Seven♠;Travail;Travail;0;1
1;1035191123;327;Bot3;Joue;Joker(Glass);Travail;Travail;1;2
1;1035191123;328;Bot1;Joue;As♠;Travail;Travail;2;3
1;1035191123;330;Bot3;Joue;Valet♦;Travail;Travail;0;1
1;1035191123;331;Bot2;Joue;Roi♣;Travail;Travail;1;2
1;1035191123;333;Bot3;Joue;Valet♠;Travail;Travail;0;1
1;1035191123;334;Bot1;Joue;Roi♣;Travail;Travail;1;2
1;1035191123;335;Bot2;Joue;Joker(Glass);Travail;Travail;2;3
1;1035191123;336;Bot3;Joue;Roi♠;Travail;Travail;3;4
1;1035191123;337;Bot2;Joue;As♠;Travail;Travail;4;5
1;1035191123;339;Bot1;Joue;Valet♦;Travail;Travail;0;1
1;1035191123;340;Bot3;Joue;Roi♣;Travail;Travail;1;2
1;1035191123;342;Bot1;Joue;Ten♥;Travail;Travail;0;1
1;1035191123;343;Bot3;Joue;Joker(Glass);Travail;Travail;1;2
1;1035191123;344;Bot2;Joue;Ten♠;Travail;Travail;2;3
1;1035191123;345;Bot3;Joue;As♠;Travail;Travail;3;4
1;1035191123;347;Bot1;Joue;Valet♥;Travail;Travail;0;1
1;1035191123;348;Bot2;Joue;Joker(Glass);Travail;Travail;1;2
1;1035191123;349;Bot3;Joue;Valet♠;Travail;Travail;2;3
1;1035191123;350;Bot2;Joue;Roi♣;Travail;Travail;3;4
1;1035191123;351;Bot3;Joue;Roi♠;Travail;Travail;4;5
1;1035191123;352;Bot2;Joue;As♠;Travail;Travail;5;6
1;1035191123;354;Bot1;Joue;Dame♠;Travail;Travail;0;1
1;1035191123;356;Bot3;Joue;Five♦;Travail;Travail;0;1
1;1035191123;358;Bot3;Joue;Nine♦;Travail;Travail;0;1
1;1035191123;359;Bot1;Joue;As♥;Travail;Travail;1;2
1;1035191123;361;Bot3;Joue;Valet♥;Travail;Travail;0;1
1;1035191123;362;Bot2;Joue;Dame♠;Travail;Travail;1;2
1;1035191123;364;Bot3;Joue;Joker(Glass);Travail;Travail;0;1
1;1035191123;365;Bot2;Joue;Eight♥;Travail;Travail;1;2
1;1035191123;366;Bot1;Joue;Dame♠;Travail;Travail;2;3
1;1035191123;367;Bot3;Joue;Roi♠;Travail;Travail;3;4
1;1035191123;368;Bot2;Joue;As♥;Travail;Travail;4;5
1;1035191123;370;Bot3;Joue;Valet♠;Travail;Travail;0;1
1;1035191123;371;Bot1;Joue;As♥;Travail;Travail;1;2
1;1035191123;373;Bot3;Joue;Dame♦;Travail;Travail;0;1
1;1035191123;374;Bot1;Joue;Joker(Glass);Travail;Travail;1;2
1;1035191123;375;Bot2;Joue;As♥;Travail;Travail;2;3
1;1035191123;376;Bot3;Joue;As♠;Travail;Travail;3;4
1;1035191123;378;Bot3;Joue;Roi♣;Travail;Travail;0;1
1;1035191123;379;Bot1;Joue;Roi♠;Travail;Travail;1;2
1;1035191123;380;Bot3;Joue;Roi♠;Travail;Travail;0;1
1;1035191123;381;Bot2;Joue;As♥;Travail;Travail;1;2
1;1035191123;383;Bot1;Joue;Eight♥;Travail;Travail;0;1
1;1035191123;384;Bot2;Joue;Ten♠;Travail;Travail;1;2
1;1035191123;385;Bot3;Joue;Roi♣;Travail;Travail;2;3
1;1035191123;387;Bot2;Joue;Dame♦;Travail;Travail;0;1
1;1035191123;388;Bot3;Joue;As♥;Travail;Travail;1;2
1;1035191123;390;Bot2;Joue;Joker(Glass);Travail;Travail;0;1
1;1035191123;391;Bot3;Joue;Nine♥;Travail;Travail;1;2
1;1035191123;392;Bot1;Joue;Valet♥;Travail;Travail;2;3
1;1035191123;393;Bot3;Joue;Roi♠;Travail;Travail;3;4
1;1035191123;394;Bot2;Joue;As♠;Travail;Travail;4;5
1;1035191123;395;Bot1;Joue;As♥;Travail;Travail;5;6
1;1035191123;397;Bot1;Joue;Roi♣;Travail;Travail;0;1
1;1035191123;399;Bot1;Joue;Five♦;Travail;Travail;0;1
1;1035191123;400;Bot3;Joue;Roi♣;Travail;Travail;1;2
1;1035191123;401;Bot2;Joue;As♥;Travail;Travail;2;3
1;1035191123;403;Bot3;Joue;Joker(Black);Travail;Travail;0;1
1;1035191123;404;Bot2;Joue;Valet♣;Travail;Travail;1;2
1;1035191123;406;Bot2;Joue;Ten♥;Travail;Travail;0;1
1;1035191123;407;Bot3;Joue;Valet♣;Travail;Travail;1;2
1;1035191123;408;Bot2;Joue;Valet♦;Travail;Travail;2;3
1;1035191123;409;Bot3;Joue;As♣;Travail;Travail;3;4
1;1035191123;410;Bot2;Joue;Joker(Glass);Travail;Travail;4;5
1;1035191123;411;Bot1;Joue;As♥;Travail;Travail;5;6
1;1035191123;412;Bot2;Joue;As♠;Travail;Travail;6;7
1;1035191123;413;Bot3;Joue;Joker(Black);Travail;Travail;7;8
1;1035191123;414;Bot2;Joue;Three♠;Travail;Travail;8;9
1;1035191123;415;Bot1;Joue;Five♦;Travail;Travail;9;10
1;1035191123;417;Bot2;Joue;Six♣;Travail;Travail;0;1
1;1035191123;418;Bot1;Joue;Ten♠;Travail;Travail;1;2
1;1035191123;419;Bot2;Joue;Roi♠;Travail;Travail;2;3
1;1035191123;420;Bot1;Joue;Roi♣;Travail;Travail;3;4
1;1035191123;422;Bot1;Joue;Dame♠;Travail;Travail;0;1
1;1035191123;423;Bot2;Joue;Roi♣;Travail;Travail;1;2
1;1035191123;425;Bot2;Joue;Five♣;Travail;Travail;0;1
1;1035191123;426;Bot1;Joue;Eight♥;Travail;Travail;1;2
1;1035191123;427;Bot2;Joue;Valet♠;Travail;Travail;2;3
1;1035191123;428;Bot1;Joue;Roi♣;Travail;Travail;3;4
1;1035191123;429;Bot2;Joue;Roi♠;Travail;Travail;4;5
1;1035191123;431;Bot2;Joue;Seven♠;Travail;Travail;0;1
1;1035191123;432;Bot1;Joue;Valet♠;Travail;Travail;1;2
1;1035191123;433;Bot2;Joue;Valet♥;Travail;Travail;2;3
1;1035191123;434;Bot1;Joue;Roi♠;Travail;Travail;3;4
1;1035191123;436;Bot1;Joue;Roi♣;Travail;Travail;0;1
1;1035191123;437;Bot2;Joue;Roi♠;Travail;Travail;1;2
1;1035191123;439;Bot2;Joue;Six♣;Travail;Travail;0;1
1;1035191123;440;Bot1;Joue;Dame♦;Travail;Travail;1;2
1;1035191123;442;Bot1;Joue;Roi♠;Travail;Travail;0;1
1;1035191123;444;Bot1;Joue;Five♣;Travail;Travail;0;1
1;1035191123;445;Bot2;Joue;Six♠;Travail;Travail;1;2
1;1035191123;446;Bot1;Joue;Eight♥;Travail;Travail;2;3
1;1035191123;447;Bot2;Joue;Nine♦;Travail;Travail;3;4
1;1035191123;448;Bot1;Joue;Roi♣;Travail;Travail;4;5
1;1035191123;449;Bot2;Joue;Roi♠;Travail;Travail;5;6
1;1035191123;451;Bot2;Joue;Three♦;Travail;Travail;0;1
1;1035191123;452;Bot1;Joue;Five♣;Travail;Travail;1;2
1;1035191123;453;Bot2;Joue;Seven♣;Travail;Travail;2;3
1;1035191123;454;Bot1;Joue;Roi♠;Travail;Travail;3;4
1;1035191123;456;Bot1;Joue;Six♠;Travail;Travail;0;1
1;1035191123;457;Bot2;Joue;Eight♠;Travail;Travail;1;2
1;1035191123;458;Bot1;Joue;Roi♣;Travail;Travail;2;3
1;1035191123;459;Bot2;Joue;Roi♠;Travail;Travail;3;4
1;1035191123;461;Bot2;Joue;Five♣;Travail;Travail;0;1
1;1035191123;462;Bot1;Joue;Roi♣;Travail;Travail;1;2
1;1035191123;464;Bot1;Joue;Eight♠;Travail;Travail;0;1
1;1035191123;465;Bot2;Joue;Roi♣;Travail;Travail;1;2
1;1035191123;466;Bot1;Joue;Roi♠;Travail;Travail;2;3
1;1035191123;468;Bot1;Joue;Eight♥;Travail;Travail;0;1
1;1035191123;469;Bot2;Joue;Valet♠;Travail;Travail;1;2
1;1035191123;470;Bot1;Joue;Dame♠;Travail;Travail;2;3
1;1035191123;471;Bot2;Joue;Roi♠;Travail;Travail;3;4
1;1035191123;473;Bot2;Joue;Roi♣;Travail;Travail;0;1
1;1035191123;474;Bot1;Joue;Roi♠;Travail;Travail;1;2
1;1035191123;476;Bot1;Joue;Six♠;Travail;Travail;0;1
1;1035191123;477;Bot2;Joue;Seven♠;Travail;Travail;1;2
1;1035191123;478;Bot1;Joue;Valet♠;Travail;Travail;2;3
1;1035191123;479;Bot2;Joue;Dame♦;Travail;Travail;3;4
1;1035191123;480;Bot1;Joue;Dame♠;Travail;Travail;4;5
1;1035191123;481;Bot2;Joue;Roi♣;Travail;Travail;5;6
1;1035191123;483;Bot2;Joue;Valet♥;Travail;Travail;0;1
1;1035191123;484;Bot1;Joue;Valet♠;Travail;Travail;1;2
1;1035191123;485;Bot2;Joue;Roi♠;Travail;Travail;2;3
1;1035191123;486;Bot1;Joue;Roi♣;Travail;Travail;3;4
1;1035191123;488;Bot1;Joue;Dame♠;Travail;Travail;0;1
1;1035191123;489;Bot2;Joue;Roi♣;Travail;Travail;1;2
1;1035191123;491;Bot2;Joue;Eight♠;Travail;Travail;0;1
1;1035191123;492;Bot1;Joue;Nine♦;Travail;Travail;1;2
1;1035191123;493;Bot2;Joue;Prêtre♣;Travail;Travail;2;3
1;1035191123;494;Bot1;Joue;Eight♥;Travail;Travail;3;4
1;1035191123;495;Bot2;Joue;Ten♠;Travail;Travail;4;5
1;1035191123;496;Bot1;Joue;Roi♣;Travail;Travail;5;6
1;1035191123;497;Bot2;Joue;Roi♠;Travail;Travail;6;7
1;1035191123;499;Bot2;Joue;Ten♣;Travail;Travail;0;1
1;1035191123;500;Bot1;Joue;Dame♦;Travail;Travail;1;2
1;1035191123;502;Bot1;Joue;Roi♣;Travail;Travail;0;1
1;1035191123;504;Bot1;Joue;Six♠;Travail;Travail;0;1
1;1035191123;505;Bot2;Joue;Dame♦;Travail;Travail;1;2
1;1035191123;506;Bot1;Joue;Dame♠;Travail;Travail;2;3
1;1035191123;507;Bot2;Joue;Roi♣;Travail;Travail;3;4
1;1035191123;508;Bot1;Joue;Roi♠;Travail;Travail;4;5
1;1035191123;510;Bot1;Joue;Ten♠;Travail;Travail;0;1
1;1035191123;511;Bot2;Joue;Dame♠;Travail;Travail;1;2
1;1035191123;513;Bot2;Joue;Dame♦;Travail;Travail;0;1
1;1035191123;514;Bot1;Joue;Dame♠;Travail;Travail;1;2
1;1035191123;515;Bot2;Joue;Roi♠;Travail;Travail;2;3
1;1035191123;517;Bot2;Joue;Nine♥;Travail;Travail;0;1
1;1035191123;518;Bot1;Joue;Prêtre♣;Travail;Travail;1;2
1;1035191123;519;Bot2;Joue;Six♣;Travail;Travail;2;3
1;1035191123;520;Bot1;Joue;Nine♦;Travail;Travail;3;4
1;1035191123;521;Bot2;Joue;Valet♥;Travail;Travail;4;5
1;1035191123;522;Bot1;Joue;Dame♠;Travail;Travail;5;6
1;1035191123;523;Bot2;Joue;Roi♣;Travail;Travail;6;7
1;1035191123;524;Bot1;Joue;Roi♠;Travail;Travail;7;8
1;1035191123;526;Bot1;Joue;Eight♥;Travail;Travail;0;1
1;1035191123;527;Bot2;Joue;Valet♠;Travail;Travail;1;2
1;1035191123;528;Bot1;Joue;Dame♦;Travail;Travail;2;3
1;1035191123;529;Bot2;Joue;Dame♠;Travail;Travail;3;4
1;1035191123;531;Bot2;Joue;Six♠;Travail;Travail;0;1
1;1035191123;532;Bot1;Joue;Dame♦;Travail;Travail;1;2
1;1035191123;533;Bot2;Joue;Roi♣;Travail;Travail;2;3
1;1035191123;535;Bot2;Joue;Seven♣;Travail;Travail;0;1
1;1035191123;536;Bot1;Joue;Roi♣;Travail;Travail;1;2
1;1035191123;537;Bot2;Joue;Roi♠;Travail;Travail;2;3
1;1035191123;539;Bot2;Joue;Four♥;Travail;Travail;0;1
1;1035191123;540;Bot1;Joue;Seven♣;Travail;Travail;1;2
1;1035191123;541;Bot2;Joue;Seven♥;Travail;Travail;2;3
1;1035191123;542;Bot1;Joue;Eight♥;Travail;Travail;3;4
1;1035191123;543;Bot2;Joue;Nine♥;Travail;Travail;4;5
1;1035191123;544;Bot1;Joue;Ten♠;Travail;Travail;5;6
1;1035191123;545;Bot2;Joue;Ten♣;Travail;Travail;6;7
1;1035191123;546;Bot1;Joue;Roi♣;Travail;Travail;7;8
1;1035191123;548;Bot1;Joue;Six♠;Travail;Travail;0;1
1;1035191123;549;Bot2;Joue;Eight♥;Travail;Travail;1;2
1;1035191123;550;Bot1;Joue;Dame♠;Travail;Travail;2;3
1;1035191123;551;Bot2;Joue;Roi♣;Travail;Travail;3;4
1;1035191123;552;Bot1;Joue;Roi♠;Travail;Travail;4;5
1;1035191123;554;Bot1;Joue;Eight♠;Travail;Travail;0;1
1;1035191123;555;Bot2;Joue;Roi♠;Travail;Travail;1;2
1;1035191123;557;Bot2;Joue;Six♣;Travail;Travail;0;1
1;1035191123;558;Bot1;Joue;Seven♠;Travail;Travail;1;2
1;1035191123;559;Bot2;Joue;Nine♦;Travail;Travail;2;3
1;1035191123;560;Bot1;Joue;Dame♦;Travail;Travail;3;4
1;1035191123;561;Bot2;Joue;Dame♠;Travail;Travail;4;5
1;1035191123;562;Bot1;Joue;Roi♠;Travail;Travail;5;6
1;1035191123;563;Bot2;Joue;Roi♣;Travail;Travail;6;7
1;1035191123;565;Bot2;Joue;Six♠;Travail;Travail;0;1
1;1035191123;566;Bot1;Joue;Dame♠;Travail;Travail;1;2
1;1035191123;568;Bot1;Joue;Roi♠;Travail;Travail;0;1
1;1035191123;570;Bot1;Joue;Six♣;Travail;Travail;0;1
1;1035191123;571;Bot2;Joue;Nine♥;Travail;Travail;1;2
1;1035191123;572;Bot1;Joue;Nine♦;Travail;Travail;2;3
1;1035191123;573;Bot2;Joue;Prêtre♣;Travail;Travail;3;4
1;1035191123;574;Bot1;Joue;Eight♠;Travail;Travail;4;5
1;1035191123;575;Bot2;Joue;Eight♥;Travail;Travail;5;6
1;1035191123;576;Bot1;Joue;Valet♠;Travail;Travail;6;7
1;1035191123;577;Bot2;Joue;Valet♥;Travail;Travail;7;8
1;1035191123;578;Bot1;Joue;Dame♦;Travail;Travail;8;9
1;1035191123;579;Bot2;Joue;Dame♠;Travail;Travail;9;10
1;1035191123;580;Bot1;Joue;Roi♣;Travail;Travail;10;11
1;1035191123;581;Bot2;Joue;Roi♠;Travail;Travail;11;12
1;1035191123;583;Bot2;Joue;Five♣;Travail;Travail;0;1
1;1035191123;584;Bot1;Joue;Valet♠;Travail;Travail;1;2
1;1035191123;586;Bot1;Joue;Valet♥;Travail;Travail;0;1
1;1035191123;587;Bot2;Joue;Valet♠;Travail;Travail;1;2
1;1035191123;588;Bot1;Joue;Dame♦;Travail;Travail;2;3
1;1035191123;590;Bot1;Joue;Seven♠;Travail;Travail;0;1
1;1035191123;591;Bot2;Joue;Valet♥;Travail;Travail;1;2
1;1035191123;592;Bot1;Joue;Roi♠;Travail;Travail;2;3
1;1035191123;594;Bot1;Joue;Roi♣;Travail;Travail;0;1
1;1035191123;595;Bot2;Joue;Roi♠;Travail;Travail;1;2
1;1035191123;597;Bot2;Joue;Four♥;Travail;Travail;0;1
1;1035191123;598;Bot1;Joue;Nine♥;Travail;Travail;1;2
1;1035191123;599;Bot2;Joue;Ten♠;Travail;Travail;2;3
1;1035191123;600;Bot1;Joue;Roi♠;Travail;Travail;3;4
1;1035191123;602;Bot1;Joue;Eight♠;Travail;Travail;0;1
1;1035191123;603;Bot2;Joue;Roi♠;Travail;Travail;1;2
1;1035191123;604;Bot1;Joue;Roi♣;Travail;Travail;2;3
1;1035191123;606;Bot1;Joue;Nine♦;Travail;Travail;0;1
1;1035191123;607;Bot2;Joue;Nine♥;Travail;Travail;1;2
1;1035191123;608;Bot1;Joue;Dame♠;Travail;Travail;2;3
1;1035191123;609;Bot2;Joue;Dame♦;Travail;Travail;3;4
1;1035191123;611;Bot2;Joue;Seven♣;Travail;Travail;0;1
1;1035191123;612;Bot1;Joue;Nine♥;Travail;Travail;1;2
1;1035191123;613;Bot2;Joue;Roi♠;Travail;Travail;2;3
1;1035191123;615;Bot2;Joue;Seven♠;Travail;Travail;0;1
1;1035191123;616;Bot1;Joue;Eight♥;Travail;Travail;1;2
1;1035191123;617;Bot2;Joue;Eight♠;Travail;Travail;2;3
1;1035191123;618;Bot1;Joue;Dame♠;Travail;Travail;3;4
1;1035191123;619;Bot2;Joue;Roi♣;Travail;Travail;4;5
1;1035191123;620;Bot1;Joue;Roi♠;Travail;Travail;5;6
1;1035191123;622;Bot1;Joue;Prêtre♣;Travail;Travail;0;1
1;1035191123;623;Bot2;Joue;Seven♥;Travail;Travail;1;2
1;1035191123;624;Bot1;Joue;Nine♦;Travail;Travail;2;3
1;1035191123;625;Bot2;Joue;Ten♠;Travail;Travail;3;4
1;1035191123;626;Bot1;Joue;Dame♦;Travail;Travail;4;5
1;1035191123;627;Bot2;Joue;Roi♠;Travail;Travail;5;6
1;1035191123;629;Bot2;Joue;Roi♣;Travail;Travail;0;1
1;1035191123;630;Bot1;Joue;Roi♠;Travail;Travail;1;2
1;1035191123;632;Bot1;Joue;Six♣;Travail;Travail;0;1
1;1035191123;633;Bot2;Joue;Valet♠;Travail;Travail;1;2
1;1035191123;634;Bot1;Joue;Dame♦;Travail;Travail;2;3
1;1035191123;635;Bot2;Joue;Dame♠;Travail;Travail;3;4
1;1035191123;637;Bot2;Joue;Six♠;Travail;Travail;0;1
1;1035191123;638;Bot1;Joue;Nine♥;Travail;Travail;1;2
1;1035191123;639;Bot2;Joue;Roi♠;Travail;Travail;2;3
1;1035191123;641;Bot2;Joue;Three♦;Travail;Travail;0;1
1;1035191123;642;Bot1;Joue;Seven♣;Travail;Travail;1;2
1;1035191123;643;Bot2;Joue;Roi♣;Travail;Travail;2;3
1;1035191123;644;Bot1;Joue;Roi♠;Travail;Travail;3;4
1;1035191123;646;Bot1;Joue;Six♠;Travail;Travail;0;1
1;1035191123;647;Bot2;Joue;Seven♠;Travail;Travail;1;2
1;1035191123;648;Bot1;Joue;Dame♦;Travail;Travail;2;3
1;1035191123;649;Bot2;Joue;Roi♠;Travail;Travail;3;4
1;1035191123;651;Bot2;Joue;Valet♥;Travail;Travail;0;1
1;1035191123;652;Bot1;Joue;Roi♠;Travail;Travail;1;2
1;1035191123;653;Bot2;Joue;Roi♣;Travail;Travail;2;3
1;1035191123;655;Bot2;Joue;Three♦;Travail;Travail;0;1
1;1035191123;656;Bot1;Joue;Seven♥;Travail;Travail;1;2
1;1035191123;657;Bot2;Joue;Ten♣;Travail;Travail;2;3
1;1035191123;658;Bot1;Joue;Valet♠;Travail;Travail;3;4
1;1035191123;660;Bot1;Joue;Prêtre♣;Travail;Travail;0;1
1;1035191123;661;Bot2;Joue;Seven♣;Travail;Travail;1;2
1;1035191123;662;Bot1;Joue;Dame♠;Travail;Travail;2;3
1;1035191123;664;Bot1;Joue;Roi♣;Travail;Travail;0;1
1;1035191123;666;Bot1;Joue;Nine♥;Travail;Travail;0;1
1;1035191123;667;Bot2;Joue;Roi♣;Travail;Travail;1;2
1;1035191123;668;Bot1;Joue;Roi♠;Travail;Travail;2;3
1;1035191123;670;Bot1;Joue;Six♣;Travail;Travail;0;1
1;1035191123;671;Bot2;Joue;Seven♥;Travail;Travail;1;2
1;1035191123;672;Bot1;Joue;Ten♠;Travail;Travail;2;3
1;1035191123;673;Bot2;Joue;Dame♠;Travail;Travail;3;4
1;1035191123;674;Bot1;Joue;Dame♦;Travail;Travail;4;5
1;1035191123;675;Bot2;Joue;Roi♠;Travail;Travail;5;6
1;1035191123;677;Bot2;Joue;Four♥;Travail;Travail;0;1
1;1035191123;678;Bot1;Joue;Six♣;Travail;Travail;1;2
1;1035191123;679;Bot2;Joue;Valet♠;Travail;Travail;2;3
1;1035191123;680;Bot1;Joue;Dame♠;Travail;Travail;3;4
1;1035191123;681;Bot2;Joue;Roi♣;Travail;Travail;4;5
1;1035191123;682;Bot1;Joue;Roi♠;Travail;Travail;5;6
1;1035191123;684;Bot1;Joue;Dame♦;Travail;Travail;0;1
1;1035191123;685;Bot2;Joue;Dame♠;Travail;Travail;1;2
1;1035191123;687;Bot2;Joue;Roi♠;Travail;Travail;0;1
1;1035191123;689;Bot2;Joue;Prêtre♣;Travail;Travail;0;1
1;1035191123;690;Bot1;Joue;Seven♥;Travail;Travail;1;2
1;1035191123;691;Bot2;Joue;Eight♠;Travail;Travail;2;3
1;1035191123;692;Bot1;Joue;Valet♥;Travail;Travail;3;4
1;1035191123;693;Bot2;Joue;Roi♣;Travail;Travail;4;5
1;1035191123;694;Bot1;Joue;Roi♠;Travail;Travail;5;6
1;1035191123;696;Bot1;Joue;Seven♠;Travail;Travail;0;1
1;1035191123;697;Bot2;Joue;Valet♠;Travail;Travail;1;2
1;1035191123;698;Bot1;Joue;Dame♠;Travail;Travail;2;3
1;1035191123;699;Bot2;Joue;Roi♠;Travail;Travail;3;4
1;1035191123;701;Bot2;Joue;Six♣;Travail;Travail;0;1
1;1035191123;702;Bot1;Joue;Dame♦;Travail;Travail;1;2
1;1035191123;703;Bot2;Joue;Roi♣;Travail;Travail;2;3
1;1035191123;704;Bot1;Joue;Roi♠;Travail;Travail;3;4
1;1035191123;706;Bot1;Joue;Nine♦;Travail;Travail;0;1
1;1035191123;707;Bot2;Joue;Roi♣;Travail;Travail;1;2
1;1035191123;709;Bot2;Joue;Seven♥;Travail;Travail;0;1
1;1035191123;710;Bot1;Joue;Roi♣;Travail;Travail;1;2
1;1035191123;711;Bot2;Joue;Roi♠;Travail;Travail;2;3
1;1035191123;713;Bot2;Joue;Six♣;Travail;Travail;0;1
1;1035191123;714;Bot1;Joue;Seven♥;Travail;Travail;1;2
1;1035191123;715;Bot2;Joue;Dame♦;Travail;Travail;2;3
1;1035191123;716;Bot1;Joue;Roi♣;Travail;Travail;3;4
1;1035191123;718;Bot1;Joue;Six♠;Travail;Travail;0;1
1;1035191123;719;Bot2;Joue;Seven♥;Travail;Travail;1;2
1;1035191123;720;Bot1;Joue;Ten♠;Travail;Travail;2;3
1;1035191123;721;Bot2;Joue;Valet♥;Travail;Travail;3;4
1;1035191123;722;Bot1;Joue;Valet♠;Travail;Travail;4;5
1;1035191123;723;Bot2;Joue;Dame♦;Travail;Travail;5;6
1;1035191123;724;Bot1;Joue;Dame♠;Travail;Travail;6;7
1;1035191123;725;Bot2;Joue;Roi♣;Travail;Travail;7;8
1;1035191123;726;Bot1;Joue;Roi♠;Travail;Travail;8;9
1;1035191123;728;Bot1;Joue;Seven♠;Travail;Travail;0;1
1;1035191123;729;Bot2;Joue;Eight♥;Travail;Travail;1;2
1;1035191123;730;Bot1;Joue;Nine♦;Travail;Travail;2;3
1;1035191123;731;Bot2;Joue;Ten♣;Travail;Travail;3;4
1;1035191123;733;Bot1;Joue;Ten♣;Travail;Travail;0;1
1;1035191123;734;Bot2;Joue;Valet♥;Travail;Travail;1;2
1;1035191123;735;Bot1;Joue;2♥;Travail;Travail;2;0
1;1035191123;736;Bot1;Joue;Eight♥;Travail;Travail;0;1
1;1035191123;737;Bot2;Joue;Eight♠;Travail;Travail;1;2
1;1035191123;738;Bot1;Joue;Nine♦;Travail;Travail;2;3
1;1035191123;739;Bot2;Joue;Nine♥;Travail;Travail;3;4
1;1035191123;741;Bot2;Joue;Roi♣;Travail;Travail;0;1
1;1035191123;743;Bot2;Joue;Ten♠;Travail;Travail;0;1
1;1035191123;744;Bot1;Joue;Roi♣;Travail;Travail;1;2
1;1035191123;745;Bot2;Joue;Roi♠;Travail;Travail;2;3
1;1035191123;747;Bot2;Joue;Dame♦;Travail;Travail;0;1
1;1035191123;748;Bot1;Joue;Roi♠;Travail;Travail;1;2
1;1035191123;750;Bot1;Joue;Eight♥;Travail;Travail;0;1
1;1035191123;751;Bot2;Joue;Dame♦;Travail;Travail;1;2
1;1035191123;752;Bot1;Joue;Roi♣;Travail;Travail;2;3
1;1035191123;753;Bot2;Joue;Roi♠;Travail;Travail;3;4
1;1035191123;755;Bot2;Joue;Six♣;Travail;Travail;0;1
1;1035191123;756;Bot1;Joue;Eight♥;Travail;Travail;1;2
1;1035191123;757;Bot2;Joue;Valet♠;Travail;Travail;2;3
1;1035191123;758;Bot1;Joue;Roi♠;Travail;Travail;3;4
1;1035191123;760;Bot1;Joue;Ten♠;Travail;Travail;0;1
1;1035191123;761;Bot2;Joue;Prêtre♣;Travail;Travail;1;2
1;1035191123;762;Bot1;Joue;Nine♦;Travail;Travail;2;3
1;1035191123;763;Bot2;Joue;Dame♠;Travail;Travail;3;4
1;1035191123;764;Bot1;Joue;Roi♣;Travail;Travail;4;5
1;1035191123;765;Bot2;Joue;Roi♠;Travail;Travail;5;6
1;1035191123;767;Bot2;Joue;Six♣;Travail;Travail;0;1
1;1035191123;768;Bot1;Joue;Roi♠;Travail;Travail;1;2
1;1035191123;770;Bot1;Joue;Dame♦;Travail;Travail;0;1
1;1035191123;771;Bot2;Joue;Roi♠;Travail;Travail;1;2
1;1035191123;772;Bot1;Joue;Roi♣;Travail;Travail;2;3
1;1035191123;774;Bot1;Joue;Ten♠;Travail;Travail;0;1
1;1035191123;775;Bot2;Joue;Roi♠;Travail;Travail;1;2
1;1035191123;777;Bot2;Joue;Three♦;Travail;Travail;0;1
1;1035191123;778;Bot1;Joue;Ten♠;Travail;Travail;1;2
1;1035191123;779;Bot2;Joue;Valet♠;Travail;Travail;2;3
1;1035191123;780;Bot1;Joue;Roi♠;Travail;Travail;3;4
1;1035191123;781;Bot2;Joue;Roi♣;Travail;Travail;4;5
1;1035191123;783;Bot2;Joue;Six♠;Travail;Travail;0;1
1;1035191123;784;Bot1;Joue;Eight♠;Travail;Travail;1;2
1;1035191123;785;Bot2;Joue;Eight♥;Travail;Travail;2;3
1;1035191123;786;Bot1;Joue;Ten♠;Travail;Travail;3;4
1;1035191123;787;Bot2;Joue;Dame♦;Travail;Travail;4;5
1;1035191123;788;Bot1;Joue;Dame♠;Travail;Travail;5;6
1;1035191123;790;Bot1;Joue;Prêtre♣;Travail;Travail;0;1
1;1035191123;791;Bot2;Joue;Six♣;Travail;Travail;1;2
1;1035191123;792;Bot1;Joue;Seven♠;Travail;Travail;2;3
1;1035191123;793;Bot2;Joue;Dame♦;Travail;Travail;3;4
1;1035191123;794;Bot1;Joue;Roi♠;Travail;Travail;4;5
1;1035191123;796;Bot1;Joue;Nine♦;Travail;Travail;0;1
1;1035191123;797;Bot2;Joue;Dame♠;Travail;Travail;1;2
1;1035191123;798;Bot1;Joue;Roi♣;Travail;Travail;2;3
1;1035191123;799;Bot2;Joue;Roi♠;Travail;Travail;3;4
1;1035191123;801;Bot2;Joue;Six♠;Travail;Travail;0;1
1;1035191123;802;Bot1;Joue;Dame♠;Travail;Travail;1;2
1;1035191123;803;Bot2;Joue;Dame♦;Travail;Travail;2;3
1;1035191123;804;Bot1;Joue;Roi♠;Travail;Travail;3;4
1;1035191123;806;Bot1;Joue;Three♦;Travail;Travail;0;1
1;1035191123;807;Bot2;Joue;Seven♣;Travail;Travail;1;2
1;1035191123;808;Bot1;Joue;Nine♥;Travail;Travail;2;3
1;1035191123;809;Bot2;Joue;Dame♦;Travail;Travail;3;4
1;1035191123;810;Bot1;Joue;Roi♣;Travail;Travail;4;5
1;1035191123;811;Bot2;Joue;Roi♠;Travail;Travail;5;6
1;1035191123;813;Bot2;Joue;Four♥;Travail;Travail;0;1
1;1035191123;814;Bot1;Joue;Valet♠;Travail;Travail;1;2
1;1035191123;815;Bot2;Joue;Dame♠;Travail;Travail;2;3
1;1035191123;816;Bot1;Joue;Dame♦;Travail;Travail;3;4
1;1035191123;818;Bot1;Joue;Roi♣;Travail;Travail;0;1
1;1035191123;820;Bot1;Joue;Nine♦;Travail;Travail;0;1
1;1035191123;821;Bot2;Joue;Roi♣;Travail;Travail;1;2
1;1035191123;822;Bot1;Joue;Roi♠;Travail;Travail;2;3
1;1035191123;824;Bot1;Joue;Three♦;Travail;Travail;0;1
1;1035191123;825;Bot2;Joue;Dame♦;Travail;Travail;1;2
1;1035191123;827;Bot2;Joue;Six♠;Travail;Travail;0;1
1;1035191123;828;Bot1;Joue;Nine♥;Travail;Travail;1;2
1;1035191123;829;Bot2;Joue;Ten♠;Travail;Travail;2;3
1;1035191123;830;Bot1;Joue;Dame♦;Travail;Travail;3;4
1;1035191123;831;Bot2;Joue;Dame♠;Travail;Travail;4;5
1;1035191123;833;Bot2;Joue;Six♣;Travail;Travail;0;1
1;1035191123;834;Bot1;Joue;Ten♠;Travail;Travail;1;2
1;1035191123;835;Bot2;Joue;Roi♣;Travail;Travail;2;3
1;1035191123;837;Bot2;Joue;Seven♠;Travail;Travail;0;1
1;1035191123;838;Bot1;Joue;Roi♣;Travail;Travail;1;2
1;1035191123;839;Bot2;Joue;Roi♠;Travail;Travail;2;3
1;1035191123;841;Bot2;Joue;Five♣;Travail;Travail;0;1
1;1035191123;842;Bot1;Joue;Six♣;Travail;Travail;1;2
1;1035191123;843;Bot2;Joue;Nine♦;Travail;Travail;2;3
1;1035191123;844;Bot1;Joue;Dame♠;Travail;Travail;3;4
1;1035191123;846;Bot1;Joue;Six♠;Travail;Travail;0;1
1;1035191123;847;Bot2;Joue;Valet♠;Travail;Travail;1;2
1;1035191123;848;Bot1;Joue;Dame♦;Travail;Travail;2;3
1;1035191123;849;Bot2;Joue;Dame♠;Travail;Travail;3;4
1;1035191123;850;Bot1;Joue;Roi♣;Travail;Travail;4;5
1;1035191123;852;Bot1;Joue;Ten♠;Travail;Travail;0;1
1;1035191123;853;Bot2;Joue;Dame♠;Travail;Travail;1;2
1;1035191123;854;Bot1;Joue;Roi♠;Travail;Travail;2;3
1;1035191123;855;Bot2;Joue;Roi♣;Travail;Travail;3;4
1;1035191123;857;Bot2;Joue;Eight♠;Travail;Travail;0;1
1;1035191123;858;Bot1;Joue;Dame♠;Travail;Travail;1;2
1;1035191123;859;Bot2;Joue;Dame♦;Travail;Travail;2;3
1;1035191123;860;Bot1;Joue;Roi♠;Travail;Travail;3;4
1;1035191123;862;Bot1;Joue;Nine♥;Travail;Travail;0;1
1;1035191123;863;Bot2;Joue;Roi♠;Travail;Travail;1;2
1;1035191123;864;Bot1;Joue;Roi♣;Travail;Travail;2;3
1;1035191123;866;Bot1;Joue;Seven♣;Travail;Travail;0;1
1;1035191123;867;Bot2;Joue;Valet♠;Travail;Travail;1;2
1;1035191123;869;Bot2;Joue;Six♣;Travail;Travail;0;1
1;1035191123;870;Bot1;Joue;Ten♠;Travail;Travail;1;2
1;1035191123;871;Bot2;Joue;Dame♠;Travail;Travail;2;3
1;1035191123;873;Bot2;Joue;Eight♠;Travail;Travail;0;1
1;1035191123;874;Bot1;Joue;Valet♠;Travail;Travail;1;2
1;1035191123;875;Bot2;Joue;Roi♣;Travail;Travail;2;3
1;1035191123;877;Bot2;Joue;Five♣;Travail;Travail;0;1
1;1035191123;878;Bot1;Joue;Six♣;Travail;Travail;1;2
1;1035191123;879;Bot2;Joue;Seven♥;Travail;Travail;2;3
1;1035191123;880;Bot1;Joue;Ten♠;Travail;Travail;3;4
1;1035191123;881;Bot2;Joue;Roi♠;Travail;Travail;4;5
1;1035191123;882;Bot1;Joue;Roi♣;Travail;Travail;5;6
1;1035191123;884;Bot1;Joue;Valet♠;Travail;Travail;0;1
1;1035191123;885;Bot2;Joue;Roi♠;Travail;Travail;1;2
1;1035191123;887;Bot2;Joue;Eight♥;Travail;Travail;0;1
1;1035191123;888;Bot1;Joue;Dame♠;Travail;Travail;1;2
1;1035191123;889;Bot2;Joue;Roi♣;Travail;Travail;2;3
1;1035191123;890;Bot1;Joue;Roi♠;Travail;Travail;3;4
1;1035191123;892;Bot1;Joue;Three♦;Travail;Travail;0;1
1;1035191123;893;Bot2;Joue;Four♥;Travail;Travail;1;2
1;1035191123;894;Bot1;Joue;Seven♣;Travail;Travail;2;3
1;1035191123;895;Bot2;Joue;Roi♣;Travail;Travail;3;4
1;1035191123;897;Bot2;Joue;Dame♠;Travail;Travail;0;1
1;1035191123;898;Bot1;Joue;Roi♣;Travail;Travail;1;2
1;1035191123;899;Bot2;Joue;Roi♠;Travail;Travail;2;3
1;1035191123;901;Bot2;Joue;Five♣;Travail;Travail;0;1
1;1035191123;902;Bot1;Joue;Eight♠;Travail;Travail;1;2
1;1035191123;903;Bot2;Joue;Nine♥;Travail;Travail;2;3
1;1035191123;904;Bot1;Joue;Roi♠;Travail;Travail;3;4
1;1035191123;906;Bot1;Joue;Three♦;Travail;Travail;0;1
1;1035191123;907;Bot2;Joue;Dame♦;Travail;Travail;1;2
1;1035191123;908;Bot1;Joue;Roi♣;Travail;Travail;2;3
1;1035191123;909;Bot2;Joue;Roi♠;Travail;Travail;3;4
1;1035191123;911;Bot2;Joue;Seven♥;Travail;Travail;0;1
1;1035191123;912;Bot1;Joue;Dame♠;Travail;Travail;1;2
1;1035191123;914;Bot1;Joue;Valet♠;Travail;Travail;0;1
1;1035191123;915;Bot2;Joue;Dame♠;Travail;Travail;1;2
1;1035191123;916;Bot1;Joue;Roi♠;Travail;Travail;2;3
1;1035191123;918;Bot1;Joue;Dame♦;Travail;Travail;0;1
1;1035191123;919;Bot2;Joue;Dame♠;Travail;Travail;1;2
1;1035191123;920;Bot1;Joue;Roi♣;Travail;Travail;2;3
1;1035191123;921;Bot2;Joue;Roi♠;Travail;Travail;3;4
1;1035191123;923;Bot2;Joue;Prêtre♣;Travail;Travail;0;1
1;1035191123;924;Bot1;Joue;Four♥;Travail;Travail;1;2
1;1035191123;925;Bot2;Joue;Five♣;Travail;Travail;2;3
1;1035191123;926;Bot1;Joue;Seven♣;Travail;Travail;3;4
1;1035191123;927;Bot2;Joue;Eight♠;Travail;Travail;4;5
1;1035191123;928;Bot1;Joue;Dame♠;Travail;Travail;5;6
1;1035191123;930;Bot1;Joue;Roi♠;Travail;Travail;0;1
1;1035191123;932;Bot1;Joue;Roi♣;Travail;Travail;0;1
1;1035191123;933;Bot2;Joue;Roi♠;Travail;Travail;1;2
1;1035191123;935;Bot2;Joue;Prêtre♣;Travail;Travail;0;1
1;1035191123;936;Bot1;Joue;Seven♠;Travail;Travail;1;2
1;1035191123;937;Bot2;Joue;Nine♥;Travail;Travail;2;3
1;1035191123;938;Bot1;Joue;Roi♠;Travail;Travail;3;4
1;1035191123;940;Bot1;Joue;Roi♣;Travail;Travail;0;1
1;1035191123;941;Bot2;Joue;Roi♠;Travail;Travail;1;2
1;1035191123;943;Bot2;Joue;Dame♠;Travail;Travail;0;1
1;1035191123;944;Bot1;Joue;Dame♦;Travail;Travail;1;2
1;1035191123;946;Bot1;Joue;Roi♠;Travail;Travail;0;1
1;1035191123;948;Bot1;Joue;Roi♣;Travail;Travail;0;1
1;1035191123;949;Bot2;Joue;Roi♠;Travail;Travail;1;2
1;1035191123;951;Bot2;Joue;Eight♥;Travail;Travail;0;1
1;1035191123;952;Bot1;Joue;Roi♣;Travail;Travail;1;2
1;1035191123;954;Bot1;Joue;Three♦;Travail;Travail;0;1
1;1035191123;955;Bot2;Joue;Six♠;Travail;Travail;1;2
1;1035191123;956;Bot1;Joue;Roi♠;Travail;Travail;2;3
1;1035191123;957;Bot2;Joue;Roi♣;Travail;Travail;3;4
1;1035191123;959;Système;FinDePartie;"Psycko=Bot2;TotalCoups=958";-;-;0;0
